{"loss":0.15433188714054305,"_timestamp":1.74882042492204e+09,"_runtime":1.070635,"_step":7,"_wandb":{"runtime":1},"acc":0.8096124619080658}